ACT,MAJOR HEAD,MINOR HEAD,During the current year upto the end of month under review,During the corresponding month of previous year,During the previous month,During the current month
A - IPC Crime,Murder (Sec.302/303 IPC),For gain,6,4,3,6
A - IPC Crime,Murder (Sec.302/303 IPC),Over Property Dispute,4,2,5,4
A - IPC Crime,Murder (Sec.302/303 IPC),Due to Personal Vendetta or enemity,2,1,2,2
A - IPC Crime,Murder (Sec.302/303 IPC),Due to Sexual jealousy,3,2,2,3
A - IPC Crime,Murder (Sec.302/303 IPC),For dowry by burning,0,1,0,0
A - IPC Crime,Murder (Sec.302/303 IPC),For dowry by other means,0,1,1,0
A - IPC Crime,Murder (Sec.302/303 IPC),Due to Communalism,0,0,0,0
A - IPC Crime,Murder (Sec.302/303 IPC),Due to Casteism,0,0,0,0
A - IPC Crime,Murder (Sec.302/303 IPC),Witch Craft (Sorcery),0,0,0,0
A - IPC Crime,Murder (Sec.302/303 IPC),For Human Sacrifice,0,0,0,0
A - IPC Crime,Murder (Sec.302/303 IPC),Due to Terrorism/Naxalism / Extremism,0,0,0,0
A - IPC Crime,Murder (Sec.302/303 IPC),For Political Reasons,0,3,1,0
A - IPC Crime,Murder (Sec.302/303 IPC),Due to Adultery,0,0,0,0
A - IPC Crime,Murder (Sec.302/303 IPC),Civil Disputes,7,6,1,7
A - IPC Crime,Murder (Sec.302/303 IPC),Electoral Gain,0,0,0,0
A - IPC Crime,Murder (Sec.302/303 IPC),Gang Rivalry,0,0,0,0
A - IPC Crime,Murder (Sec.302/303 IPC),Love Intrigue,1,2,0,1
A - IPC Crime,Murder (Sec.302/303 IPC),Professional ,0,0,0,0
A - IPC Crime,Murder (Sec.302/303 IPC),Psychopathic/Serial Killer/Lunacy,0,0,0,0
A - IPC Crime,Murder (Sec.302/303 IPC),Rape with Murder,1,0,0,1
A - IPC Crime,Murder (Sec.302/303 IPC),Revenge/Enemity,4,4,4,4
A - IPC Crime,Murder (Sec.302/303 IPC),Sudden Quarrel,5,8,6,5
A - IPC Crime,Murder (Sec.302/303 IPC),Village Dispute,0,0,0,0
A - IPC Crime,Murder (Sec.302/303 IPC),Custodial,0,0,1,0
A - IPC Crime,Murder (Sec.302/303 IPC),Due to Other Causes,84,85,76,84
A - IPC Crime,ATTEMPT TO MURDER (Sec. 307 IPC),For Gain ,5,2,1,5
A - IPC Crime,ATTEMPT TO MURDER (Sec. 307 IPC),Over Property Dispute,10,6,8,10
A - IPC Crime,ATTEMPT TO MURDER (Sec. 307 IPC),Due to Personal Vendetta or enemity,4,6,4,4
A - IPC Crime,ATTEMPT TO MURDER (Sec. 307 IPC),Due to Sexual jealousy,2,3,0,2
A - IPC Crime,ATTEMPT TO MURDER (Sec. 307 IPC),For Dowry other Means,1,6,2,1
A - IPC Crime,ATTEMPT TO MURDER (Sec. 307 IPC),Dowry By Burning,0,0,0,0
A - IPC Crime,ATTEMPT TO MURDER (Sec. 307 IPC),Due to Communalism,0,0,1,0
A - IPC Crime,ATTEMPT TO MURDER (Sec. 307 IPC),Due to Casteism,0,0,2,0
A - IPC Crime,ATTEMPT TO MURDER (Sec. 307 IPC),Witch Craft (Sorcery),0,1,0,0
A - IPC Crime,ATTEMPT TO MURDER (Sec. 307 IPC),For Human Sacrifice,0,0,0,0
A - IPC Crime,ATTEMPT TO MURDER (Sec. 307 IPC),Terrorism /Naxalism / Extremism,0,0,0,0
A - IPC Crime,ATTEMPT TO MURDER (Sec. 307 IPC),For Political Reasons,1,6,2,1
A - IPC Crime,ATTEMPT TO MURDER (Sec. 307 IPC),Adultery,0,0,0,0
A - IPC Crime,ATTEMPT TO MURDER (Sec. 307 IPC),Electoral Gain,0,0,0,0
A - IPC Crime,ATTEMPT TO MURDER (Sec. 307 IPC),Gang Rivalry,0,0,3,0
A - IPC Crime,ATTEMPT TO MURDER (Sec. 307 IPC),Love Intrigue,1,1,1,1
A - IPC Crime,ATTEMPT TO MURDER (Sec. 307 IPC),Professional ,0,1,1,0
A - IPC Crime,ATTEMPT TO MURDER (Sec. 307 IPC),Rape,0,0,0,0
A - IPC Crime,ATTEMPT TO MURDER (Sec. 307 IPC),Revenge/Enemity,16,14,9,16
A - IPC Crime,ATTEMPT TO MURDER (Sec. 307 IPC),Sudden Quarrel,15,9,14,15
A - IPC Crime,ATTEMPT TO MURDER (Sec. 307 IPC),Village Dispute,3,3,2,3
A - IPC Crime,ATTEMPT TO MURDER (Sec. 307 IPC),Due to Other Causes,166,136,163,166
A - IPC Crime,ATTEMPT TO MURDER (Sec. 307 IPC),Civil Disputes,28,23,37,28
A - IPC Crime,CULPABLE HOMICIDE NOT AMOUNTING TO MUDER (Sec.304 IPC),For Gain,0,0,0,0
A - IPC Crime,CULPABLE HOMICIDE NOT AMOUNTING TO MUDER (Sec.304 IPC),Over Civil Dispute,0,0,0,0
A - IPC Crime,CULPABLE HOMICIDE NOT AMOUNTING TO MUDER (Sec.304 IPC),Due to Personal Vendetta or enemity,0,0,0,0
A - IPC Crime,CULPABLE HOMICIDE NOT AMOUNTING TO MUDER (Sec.304 IPC),Due to Sexual jealousy,0,0,0,0
A - IPC Crime,CULPABLE HOMICIDE NOT AMOUNTING TO MUDER (Sec.304 IPC),For Dowry,0,0,0,0
A - IPC Crime,CULPABLE HOMICIDE NOT AMOUNTING TO MUDER (Sec.304 IPC),Due to Communalism,0,0,0,0
A - IPC Crime,CULPABLE HOMICIDE NOT AMOUNTING TO MUDER (Sec.304 IPC),Due to Casteism,0,0,0,0
A - IPC Crime,CULPABLE HOMICIDE NOT AMOUNTING TO MUDER (Sec.304 IPC),Witch Craft (Sorcery),0,0,0,0
A - IPC Crime,CULPABLE HOMICIDE NOT AMOUNTING TO MUDER (Sec.304 IPC),For Human Sacrifice,0,0,0,0
A - IPC Crime,CULPABLE HOMICIDE NOT AMOUNTING TO MUDER (Sec.304 IPC),Terrorism /Naxalism / Extremism,0,0,0,0
A - IPC Crime,CULPABLE HOMICIDE NOT AMOUNTING TO MUDER (Sec.304 IPC),For Political Reasons,0,0,0,0
A - IPC Crime,CULPABLE HOMICIDE NOT AMOUNTING TO MUDER (Sec.304 IPC),Adultery,0,1,0,0
A - IPC Crime,CULPABLE HOMICIDE NOT AMOUNTING TO MUDER (Sec.304 IPC),Property Disputes,0,0,1,0
A - IPC Crime,CULPABLE HOMICIDE NOT AMOUNTING TO MUDER (Sec.304 IPC),Electoral Gain,0,0,0,0
A - IPC Crime,CULPABLE HOMICIDE NOT AMOUNTING TO MUDER (Sec.304 IPC),Gang Rivalry,0,0,0,0
A - IPC Crime,CULPABLE HOMICIDE NOT AMOUNTING TO MUDER (Sec.304 IPC),Love Intrigue,0,0,0,0
A - IPC Crime,CULPABLE HOMICIDE NOT AMOUNTING TO MUDER (Sec.304 IPC),Professional ,0,0,0,0
A - IPC Crime,CULPABLE HOMICIDE NOT AMOUNTING TO MUDER (Sec.304 IPC),Sudden Quarrel,1,0,0,1
A - IPC Crime,CULPABLE HOMICIDE NOT AMOUNTING TO MUDER (Sec.304 IPC),Due to Other Causes,5,6,6,5
A - IPC Crime,ATTEMPT TO CULPABLE HOMICIDE NOT AMOUNTING TO MURDER (Sec. 308 IPC),For Gain,0,0,0,0
A - IPC Crime,ATTEMPT TO CULPABLE HOMICIDE NOT AMOUNTING TO MURDER (Sec. 308 IPC),Over Civil Dispute,0,0,1,0
A - IPC Crime,ATTEMPT TO CULPABLE HOMICIDE NOT AMOUNTING TO MURDER (Sec. 308 IPC),Due to Personal Vendetta or enemity,0,0,0,0
A - IPC Crime,ATTEMPT TO CULPABLE HOMICIDE NOT AMOUNTING TO MURDER (Sec. 308 IPC),Due to Sexual jealousy,0,0,0,0
A - IPC Crime,ATTEMPT TO CULPABLE HOMICIDE NOT AMOUNTING TO MURDER (Sec. 308 IPC),For Dowry,0,0,0,0
A - IPC Crime,ATTEMPT TO CULPABLE HOMICIDE NOT AMOUNTING TO MURDER (Sec. 308 IPC),Due to Communalism,0,0,0,0
A - IPC Crime,ATTEMPT TO CULPABLE HOMICIDE NOT AMOUNTING TO MURDER (Sec. 308 IPC),Due to Casteism,0,0,0,0
A - IPC Crime,ATTEMPT TO CULPABLE HOMICIDE NOT AMOUNTING TO MURDER (Sec. 308 IPC),Witch Craft (Sorcery),0,0,0,0
A - IPC Crime,ATTEMPT TO CULPABLE HOMICIDE NOT AMOUNTING TO MURDER (Sec. 308 IPC),For Human Sacrifice,0,0,0,0
A - IPC Crime,ATTEMPT TO CULPABLE HOMICIDE NOT AMOUNTING TO MURDER (Sec. 308 IPC),Terrorism /Naxalism / Extremism,0,0,0,0
A - IPC Crime,ATTEMPT TO CULPABLE HOMICIDE NOT AMOUNTING TO MURDER (Sec. 308 IPC),For Political Reasons,0,0,0,0
A - IPC Crime,ATTEMPT TO CULPABLE HOMICIDE NOT AMOUNTING TO MURDER (Sec. 308 IPC),Due to Other Causes,2,1,2,2
A - IPC Crime,ATTEMPT TO CULPABLE HOMICIDE NOT AMOUNTING TO MURDER (Sec. 308 IPC),Adultery,0,0,0,0
A - IPC Crime,ATTEMPT TO CULPABLE HOMICIDE NOT AMOUNTING TO MURDER (Sec. 308 IPC),Property Disputes,0,1,0,0
A - IPC Crime,ATTEMPT TO CULPABLE HOMICIDE NOT AMOUNTING TO MURDER (Sec. 308 IPC),Electoral Gain,0,0,0,0
A - IPC Crime,ATTEMPT TO CULPABLE HOMICIDE NOT AMOUNTING TO MURDER (Sec. 308 IPC),Gang Rivalry,0,0,0,0
A - IPC Crime,ATTEMPT TO CULPABLE HOMICIDE NOT AMOUNTING TO MURDER (Sec. 308 IPC),Love Intrigue,0,0,0,0
A - IPC Crime,ATTEMPT TO CULPABLE HOMICIDE NOT AMOUNTING TO MURDER (Sec. 308 IPC),Professional ,0,0,0,0
A - IPC Crime,ATTEMPT TO CULPABLE HOMICIDE NOT AMOUNTING TO MURDER (Sec. 308 IPC),Sudden Quarrel,0,0,1,0
A - IPC Crime,"RAPE (Sec.376, 376(A) to 376 (D) IPC)",Custodial Rape,0,0,0,0
A - IPC Crime,"RAPE (Sec.376, 376(A) to 376 (D) IPC)",Attempt to Commit,0,0,1,0
A - IPC Crime,"RAPE (Sec.376, 376(A) to 376 (D) IPC)",By a Gang,1,1,1,1
A - IPC Crime,"RAPE (Sec.376, 376(A) to 376 (D) IPC)",By Parents,0,0,0,0
A - IPC Crime,"RAPE (Sec.376, 376(A) to 376 (D) IPC)",By Hospital Staff,0,0,0,0
A - IPC Crime,"RAPE (Sec.376, 376(A) to 376 (D) IPC)",By Husband During Sepearation,0,0,1,0
A - IPC Crime,"RAPE (Sec.376, 376(A) to 376 (D) IPC)",By Neighbours,2,4,3,2
A - IPC Crime,"RAPE (Sec.376, 376(A) to 376 (D) IPC)",By Relatives,7,7,4,7
A - IPC Crime,"RAPE (Sec.376, 376(A) to 376 (D) IPC)",In Jail Custody,0,0,0,0
A - IPC Crime,"RAPE (Sec.376, 376(A) to 376 (D) IPC)",In Remand Home,0,0,0,0
A - IPC Crime,"RAPE (Sec.376, 376(A) to 376 (D) IPC)",InCest,0,0,0,0
A - IPC Crime,"RAPE (Sec.376, 376(A) to 376 (D) IPC)",Known Person,23,21,22,23
A - IPC Crime,"RAPE (Sec.376, 376(A) to 376 (D) IPC)",Unknown Person,1,1,1,1
A - IPC Crime,"RAPE (Sec.376, 376(A) to 376 (D) IPC)",Due to Other Causes,4,8,9,4
A - IPC Crime,"RAPE (Sec.376, 376(A) to 376 (D) IPC)",On Minor,0,0,0,0
A - IPC Crime,"KIDNAPPING AND ABDUCTION (Sec.360, 361, 363 to 369 IPC)",Missing - Boy,45,45,62,45
A - IPC Crime,"KIDNAPPING AND ABDUCTION (Sec.360, 361, 363 to 369 IPC)",Missing - Girl,188,125,186,188
A - IPC Crime,"KIDNAPPING AND ABDUCTION (Sec.360, 361, 363 to 369 IPC)",For Ransom - of Children,0,2,0,0
A - IPC Crime,"KIDNAPPING AND ABDUCTION (Sec.360, 361, 363 to 369 IPC)",For Ransom - of Cildren for Begging,0,0,0,0
A - IPC Crime,"KIDNAPPING AND ABDUCTION (Sec.360, 361, 363 to 369 IPC)",For Ransom - of Women,1,0,0,1
A - IPC Crime,"KIDNAPPING AND ABDUCTION (Sec.360, 361, 363 to 369 IPC)",For Ransom - of Girls for Immoral Purpose,1,0,0,1
A - IPC Crime,"KIDNAPPING AND ABDUCTION (Sec.360, 361, 363 to 369 IPC)",For Ransom - of  Others,1,4,1,1
A - IPC Crime,"KIDNAPPING AND ABDUCTION (Sec.360, 361, 363 to 369 IPC)",Procuration of Minor Girls - For Prostitution,0,0,0,0
A - IPC Crime,"KIDNAPPING AND ABDUCTION (Sec.360, 361, 363 to 369 IPC)",Procuration of Minor Girls - Importring of Girl,0,0,0,0
A - IPC Crime,"KIDNAPPING AND ABDUCTION (Sec.360, 361, 363 to 369 IPC)",Procuration of Minor Girls - For other Purpose,1,2,4,1
A - IPC Crime,"KIDNAPPING AND ABDUCTION (Sec.360, 361, 363 to 369 IPC)",Espionage,0,0,0,0
A - IPC Crime,"KIDNAPPING AND ABDUCTION (Sec.360, 361, 363 to 369 IPC)",Intent to Steal From Child,0,0,0,0
A - IPC Crime,"KIDNAPPING AND ABDUCTION (Sec.360, 361, 363 to 369 IPC)",Murder (Homicide),0,0,0,0
A - IPC Crime,"KIDNAPPING AND ABDUCTION (Sec.360, 361, 363 to 369 IPC)",Obtain Signature Forcibly,0,0,0,0
A - IPC Crime,"KIDNAPPING AND ABDUCTION (Sec.360, 361, 363 to 369 IPC)",Recovering Loan,0,0,0,0
A - IPC Crime,"KIDNAPPING AND ABDUCTION (Sec.360, 361, 363 to 369 IPC)",Settling any Disputes,0,2,0,0
A - IPC Crime,"KIDNAPPING AND ABDUCTION (Sec.360, 361, 363 to 369 IPC)",Unnatural Lust / Illicit Intercourse,0,0,0,0
A - IPC Crime,"KIDNAPPING AND ABDUCTION (Sec.360, 361, 363 to 369 IPC)",Wrongful Confinement,2,1,0,2
A - IPC Crime,"KIDNAPPING AND ABDUCTION (Sec.360, 361, 363 to 369 IPC)",For Exporting,0,0,0,0
A - IPC Crime,"KIDNAPPING AND ABDUCTION (Sec.360, 361, 363 to 369 IPC)",From Lawful Guardianship,1,0,0,1
A - IPC Crime,"KIDNAPPING AND ABDUCTION (Sec.360, 361, 363 to 369 IPC)",For Camel Racing Etc.,0,0,0,0
A - IPC Crime,"KIDNAPPING AND ABDUCTION (Sec.360, 361, 363 to 369 IPC)",To Compel For Marriage,0,2,0,0
A - IPC Crime,"KIDNAPPING AND ABDUCTION (Sec.360, 361, 363 to 369 IPC)",For Slavery,0,0,0,0
A - IPC Crime,"KIDNAPPING AND ABDUCTION (Sec.360, 361, 363 to 369 IPC)",For Stealing From its Person,0,0,0,0
A - IPC Crime,"KIDNAPPING AND ABDUCTION (Sec.360, 361, 363 to 369 IPC)",Others,57,51,51,57
A - IPC Crime,DACOITY (Sec. 395 to 398 IPC ),At ATM,0,0,0,0
A - IPC Crime,DACOITY (Sec. 395 to 398 IPC ),At Residential Premises,3,3,2,3
A - IPC Crime,DACOITY (Sec. 395 to 398 IPC ),On Highways,5,4,0,5
A - IPC Crime,DACOITY (Sec. 395 to 398 IPC ),In Trains,0,0,0,0
A - IPC Crime,DACOITY (Sec. 395 to 398 IPC ),At Banks,0,0,0,0
A - IPC Crime,DACOITY (Sec. 395 to 398 IPC ),At Commercial Places / Establishments,0,2,2,0
A - IPC Crime,DACOITY (Sec. 395 to 398 IPC ),On Other Roads,5,2,3,5
A - IPC Crime,DACOITY (Sec. 395 to 398 IPC ),In Other Places,3,3,3,3
A - IPC Crime,DACOITY (Sec. 395 to 398 IPC ),River & Sea,0,0,0,0
A - IPC Crime,Preparation And Assembly for Dacoity,NA,23,49,21,23
A - IPC Crime,Robbery (Sec.392 to 394 IPC),At ATM,0,0,0,0
A - IPC Crime,Robbery (Sec.392 to 394 IPC),At Residential Premises,14,10,13,14
A - IPC Crime,Robbery (Sec.392 to 394 IPC),On Highways,10,7,20,10
A - IPC Crime,Robbery (Sec.392 to 394 IPC),In Trains,2,0,1,2
A - IPC Crime,Robbery (Sec.392 to 394 IPC),At Banks,2,0,0,2
A - IPC Crime,Robbery (Sec.392 to 394 IPC),At Commercial Places / Establishments,4,7,2,4
A - IPC Crime,Robbery (Sec.392 to 394 IPC),In Other Places,40,61,60,40
A - IPC Crime,Robbery (Sec.392 to 394 IPC),Chain Snatching,41,50,54,41
A - IPC Crime,Robbery (Sec.392 to 394 IPC),Attempt to Commit,3,5,3,3
A - IPC Crime,"BURGLARY - NIGHT (Sec. 380 IPC R/W 453 TO 460, 462 IPC)",At Residential Premises,152,200,200,152
A - IPC Crime,"BURGLARY - NIGHT (Sec. 380 IPC R/W 453 TO 460, 462 IPC)",On Highways,0,0,0,0
A - IPC Crime,"BURGLARY - NIGHT (Sec. 380 IPC R/W 453 TO 460, 462 IPC)",In Trains,0,0,0,0
A - IPC Crime,"BURGLARY - NIGHT (Sec. 380 IPC R/W 453 TO 460, 462 IPC)",At Banks,6,5,6,6
A - IPC Crime,"BURGLARY - NIGHT (Sec. 380 IPC R/W 453 TO 460, 462 IPC)",At Commercial Places / Establishments,53,62,74,53
A - IPC Crime,"BURGLARY - NIGHT (Sec. 380 IPC R/W 453 TO 460, 462 IPC)",In Other Places,68,45,63,68
A - IPC Crime,"BURGLARY - NIGHT (Sec. 380 IPC R/W 453 TO 460, 462 IPC)",Temple Theft,28,35,51,28
A - IPC Crime,"BURGLARY - DAY (Sec. 380 IPC R/W 453 TO 460, 462 IPC)",At Residential Premises,93,60,66,93
A - IPC Crime,"BURGLARY - DAY (Sec. 380 IPC R/W 453 TO 460, 462 IPC)",On Highways,0,0,0,0
A - IPC Crime,"BURGLARY - DAY (Sec. 380 IPC R/W 453 TO 460, 462 IPC)",In Trains,0,0,0,0
A - IPC Crime,"BURGLARY - DAY (Sec. 380 IPC R/W 453 TO 460, 462 IPC)",At Banks,0,0,1,0
A - IPC Crime,"BURGLARY - DAY (Sec. 380 IPC R/W 453 TO 460, 462 IPC)",At Commercial Places / Establishments,2,3,2,2
A - IPC Crime,"BURGLARY - DAY (Sec. 380 IPC R/W 453 TO 460, 462 IPC)",In Other Places,6,3,5,6
A - IPC Crime,"BURGLARY - DAY (Sec. 380 IPC R/W 453 TO 460, 462 IPC)",Temple Theft,2,0,0,2
A - IPC Crime,THEFT (Sec.379 to 389 IPC),Of sand,76,96,75,76
A - IPC Crime,THEFT (Sec.379 to 389 IPC),Attempt to commit,3,5,4,3
A - IPC Crime,THEFT (Sec.379 to 389 IPC),At ATM,0,0,2,0
A - IPC Crime,THEFT (Sec.379 to 389 IPC),Communication And Elec. Wire,27,8,16,27
A - IPC Crime,THEFT (Sec.379 to 389 IPC),Of Cattle,49,22,34,49
A - IPC Crime,THEFT (Sec.379 to 389 IPC),Of Cycle,13,4,5,13
A - IPC Crime,THEFT (Sec.379 to 389 IPC),Of Automobiles - Of Lorries/Trucks,15,11,13,15
A - IPC Crime,THEFT (Sec.379 to 389 IPC),Of Automobiles - Of Buses,1,1,0,1
A - IPC Crime,THEFT (Sec.379 to 389 IPC),Of Automobiles - Of Cars / Jeeps,26,35,29,26
A - IPC Crime,THEFT (Sec.379 to 389 IPC),Of Automobiles - Of Two Wheelers ,834,658,908,834
A - IPC Crime,THEFT (Sec.379 to 389 IPC),Of Automobies - of Three Wheelers,28,16,17,28
A - IPC Crime,THEFT (Sec.379 to 389 IPC),Of Accessories of Motor Vehicle,42,20,21,42
A - IPC Crime,THEFT (Sec.379 to 389 IPC),Govt. Vehicle,0,0,1,0
A - IPC Crime,THEFT (Sec.379 to 389 IPC),"Electronic Goods (Radio, TV, VCR, Acs, Office Automation Equipments)",101,105,161,101
A - IPC Crime,THEFT (Sec.379 to 389 IPC),Of Fire Arms,0,0,1,0
A - IPC Crime,THEFT (Sec.379 to 389 IPC),Of Explosives,0,0,0,0
A - IPC Crime,THEFT (Sec.379 to 389 IPC),Of Cultural - Idols,4,0,0,4
A - IPC Crime,THEFT (Sec.379 to 389 IPC),Of Cultural - Painting,0,0,0,0
A - IPC Crime,THEFT (Sec.379 to 389 IPC),Of Cultrual - Others,21,20,29,21
A - IPC Crime,THEFT (Sec.379 to 389 IPC),Cash,33,30,41,33
A - IPC Crime,THEFT (Sec.379 to 389 IPC),Jewellery,51,63,79,51
A - IPC Crime,THEFT (Sec.379 to 389 IPC),Other Items Not Included Above,160,117,182,160
A - IPC Crime,THEFT (Sec.379 to 389 IPC),In Running Train,1,2,3,1
A - IPC Crime,THEFT (Sec.379 to 389 IPC),Extortion,8,11,13,8
A - IPC Crime,THEFT (Sec.379 to 389 IPC),House Theft,75,95,86,75
A - IPC Crime,THEFT (Sec.379 to 389 IPC),Servant Theft,15,29,25,15
A - IPC Crime,RIOTS (Sec.141 to 153 IPC),Land Dispute,97,85,91,97
A - IPC Crime,RIOTS (Sec.141 to 153 IPC),Employee - Govt.,0,0,0,0
A - IPC Crime,RIOTS (Sec.141 to 153 IPC),Labour - Private Sector,0,1,0,0
A - IPC Crime,RIOTS (Sec.141 to 153 IPC),Labour - Public Sector,0,0,0,0
A - IPC Crime,RIOTS (Sec.141 to 153 IPC),Linguistic,0,0,1,0
A - IPC Crime,RIOTS (Sec.141 to 153 IPC),Political ,3,20,1,3
A - IPC Crime,RIOTS (Sec.141 to 153 IPC),Regional,2,0,0,2
A - IPC Crime,RIOTS (Sec.141 to 153 IPC),Sectarian,0,0,0,0
A - IPC Crime,RIOTS (Sec.141 to 153 IPC),Students,0,0,2,0
A - IPC Crime,RIOTS (Sec.141 to 153 IPC),Tribal,0,0,0,0
A - IPC Crime,RIOTS (Sec.141 to 153 IPC),Due to Village Disputes,3,2,3,3
A - IPC Crime,RIOTS (Sec.141 to 153 IPC),Communal,0,1,0,0
A - IPC Crime,RIOTS (Sec.141 to 153 IPC),Industrial,0,1,0,0
A - IPC Crime,RIOTS (Sec.141 to 153 IPC),Caste,0,0,0,0
A - IPC Crime,RIOTS (Sec.141 to 153 IPC),Agrarian,0,4,0,0
A - IPC Crime,RIOTS (Sec.141 to 153 IPC),Others,217,246,210,217
A - IPC Crime,"OFFENCES AGAINST STATE (Sec. 121 to 130, except 124(A) IPC)",NA,0,0,0,0
A - IPC Crime,"OFFENCES PROMOTING ENEMITY (Sec. 153(A), 154(B) & 505 IPC",NA,3,7,8,3
A - IPC Crime,CRIMINAL BREACH OF TRUST,NA,48,27,37,48
A - IPC Crime,CHEATING (Sec.417 to 420 IPC),NA,466,493,614,466
A - IPC Crime,"COUNTERFEITING (Sec. 231 to 263 (A), 489(A) to 489 (E) IPC )","Stock Share, Debentrue Certificate",0,0,0,0
A - IPC Crime,"COUNTERFEITING (Sec. 231 to 263 (A), 489(A) to 489 (E) IPC )",Usage of Counterfeit Stamp,0,0,0,0
A - IPC Crime,"COUNTERFEITING (Sec. 231 to 263 (A), 489(A) to 489 (E) IPC )",Of Coins (Sec 231 to 254 IPC),0,0,0,0
A - IPC Crime,"COUNTERFEITING (Sec. 231 to 263 (A), 489(A) to 489 (E) IPC )",Of Stamps (Sec.255 to 263(A) IPC),0,0,0,0
A - IPC Crime,"COUNTERFEITING (Sec. 231 to 263 (A), 489(A) to 489 (E) IPC )",Of Currency Notes And Bank Notes (Sec. 489 (A) to 489 (E) IPC),1,5,4,1
A - IPC Crime,"COUNTERFEITING (Sec. 231 to 263 (A), 489(A) to 489 (E) IPC )",Of Others,0,1,0,0
A - IPC Crime,"FORGERY (Sec. 465, 468, 471, 473, 476, 477 & 477(A) IPC",Forgery  ,35,23,35,35
A - IPC Crime,"FORGERY (Sec. 465, 468, 471, 473, 476, 477 & 477(A) IPC",Organised (Racket),0,0,0,0
A - IPC Crime,"FORGERY (Sec. 465, 468, 471, 473, 476, 477 & 477(A) IPC",Forgery of Passport,1,1,0,1
A - IPC Crime,"FORGERY (Sec. 465, 468, 471, 473, 476, 477 & 477(A) IPC",Other Forgery,18,10,12,18
A - IPC Crime,"CASES OF HURT (Sec. 323 to 335 IPC except 328, 332, 333)",Acid Attack (326(a)),1,0,0,1
A - IPC Crime,"CASES OF HURT (Sec. 323 to 335 IPC except 328, 332, 333)",Attempt to Acid Attack (326(b)),0,0,0,0
A - IPC Crime,"CASES OF HURT (Sec. 323 to 335 IPC except 328, 332, 333)",Grievous Hurt,70,95,82,70
A - IPC Crime,"CASES OF HURT (Sec. 323 to 335 IPC except 328, 332, 333)",Simple Hurt,1179,982,1093,1179
A - IPC Crime,"CASES OF HURT (Sec. 323 to 335 IPC except 328, 332, 333)",Custodial,0,0,0,0
A - IPC Crime,"ADULTERATION (Sec. 272, 273 to 276 IPC)",Attempt to Commit,0,0,0,0
A - IPC Crime,"ADULTERATION (Sec. 272, 273 to 276 IPC)",Alcoholic Drink (Liquor),0,0,0,0
A - IPC Crime,"ADULTERATION (Sec. 272, 273 to 276 IPC)",Cement & Chemical/Fertiliser,0,0,0,0
A - IPC Crime,"ADULTERATION (Sec. 272, 273 to 276 IPC)",Cosmetics,0,0,0,0
A - IPC Crime,"ADULTERATION (Sec. 272, 273 to 276 IPC)",Diesel,0,0,0,0
A - IPC Crime,"ADULTERATION (Sec. 272, 273 to 276 IPC)",Drug/Medicine,0,0,0,0
A - IPC Crime,"ADULTERATION (Sec. 272, 273 to 276 IPC)",Edible Oil,0,0,0,0
A - IPC Crime,"ADULTERATION (Sec. 272, 273 to 276 IPC)",Food Grain,0,0,0,0
A - IPC Crime,"ADULTERATION (Sec. 272, 273 to 276 IPC)",Kerosene,0,0,0,0
A - IPC Crime,"ADULTERATION (Sec. 272, 273 to 276 IPC)",Life Saving Drug,0,0,0,0
A - IPC Crime,"ADULTERATION (Sec. 272, 273 to 276 IPC)",Mobile Oil,0,0,0,0
A - IPC Crime,"ADULTERATION (Sec. 272, 273 to 276 IPC)",Petrol,0,0,0,0
A - IPC Crime,"ADULTERATION (Sec. 272, 273 to 276 IPC)",Petroleum Product,0,0,0,0
A - IPC Crime,"ADULTERATION (Sec. 272, 273 to 276 IPC)",Soft Drinks,0,0,0,0
A - IPC Crime,"ADULTERATION (Sec. 272, 273 to 276 IPC)",Spices,0,0,0,0
A - IPC Crime,"ADULTERATION (Sec. 272, 273 to 276 IPC)",Others,2,0,1,2
A - IPC Crime,AFFRAY (Sec. 160 IPC ),NA,27,16,41,27
A - IPC Crime,"ARSON (Sec. 435, 436, 438 IPC )",Agricultural Produce,9,8,8,9
A - IPC Crime,"ARSON (Sec. 435, 436, 438 IPC )",Attemp to Commit,0,1,0,0
A - IPC Crime,"ARSON (Sec. 435, 436, 438 IPC )",Boat / Ship,0,0,0,0
A - IPC Crime,"ARSON (Sec. 435, 436, 438 IPC )",Dwelling House,0,4,4,0
A - IPC Crime,"ARSON (Sec. 435, 436, 438 IPC )",Educational Institution,0,0,0,0
A - IPC Crime,"ARSON (Sec. 435, 436, 438 IPC )",Govt. Property,0,1,0,0
A - IPC Crime,"ARSON (Sec. 435, 436, 438 IPC )",Industrial Establishment,0,0,0,0
A - IPC Crime,"ARSON (Sec. 435, 436, 438 IPC )",Place of worship,0,0,0,0
A - IPC Crime,"ARSON (Sec. 435, 436, 438 IPC )",Public Place,1,0,1,1
A - IPC Crime,"ARSON (Sec. 435, 436, 438 IPC )",Railway Property,0,0,0,0
A - IPC Crime,"ARSON (Sec. 435, 436, 438 IPC )",Vital Installation,0,0,0,0
A - IPC Crime,"ARSON (Sec. 435, 436, 438 IPC )",Warehouse (Godown),1,0,0,1
A - IPC Crime,"ARSON (Sec. 435, 436, 438 IPC )",Others,20,19,11,20
A - IPC Crime,"ASSAULT (Sec 356, 357 IPC)",Attempt To Commit,1,0,0,1
A - IPC Crime,"ASSAULT (Sec 356, 357 IPC)",On Contractor,0,0,0,0
A - IPC Crime,"ASSAULT (Sec 356, 357 IPC)",On Domestic Servant,0,0,0,0
A - IPC Crime,"ASSAULT (Sec 356, 357 IPC)",On Labourer,0,1,0,0
A - IPC Crime,"ASSAULT (Sec 356, 357 IPC)",On Man (General),0,3,1,0
A - IPC Crime,"ASSAULT (Sec 356, 357 IPC)",On Man (SC),0,0,0,0
A - IPC Crime,"ASSAULT (Sec 356, 357 IPC)",On Man (ST),0,0,0,0
A - IPC Crime,"ASSAULT (Sec 356, 357 IPC)",On Manager/Executive (Other Than Public Servant),0,0,0,0
A - IPC Crime,"ASSAULT (Sec 356, 357 IPC)","On Member of Clergy (Christian, Budhist, Jain, Sikh)",1,0,0,1
A - IPC Crime,"ASSAULT (Sec 356, 357 IPC)",Member of Legislative Assembly / Council (MLA/MLC),0,0,0,0
A - IPC Crime,"ASSAULT (Sec 356, 357 IPC)",On Member of Parliament (MP),0,0,0,0
A - IPC Crime,"ASSAULT (Sec 356, 357 IPC)",On other Dignitaries /Public Figures,0,0,0,0
A - IPC Crime,"ASSAULT (Sec 356, 357 IPC)",On Press,0,0,0,0
A - IPC Crime,"ASSAULT (Sec 356, 357 IPC)",On Professional ,0,0,0,0
A - IPC Crime,"ASSAULT (Sec 356, 357 IPC)",On Public Servant,0,0,0,0
A - IPC Crime,"ASSAULT (Sec 356, 357 IPC)",On Student,0,0,0,0
A - IPC Crime,"ASSAULT (Sec 356, 357 IPC)",On Teacher,0,0,0,0
A - IPC Crime,"ASSAULT (Sec 356, 357 IPC)",On Women (General),0,0,0,0
A - IPC Crime,"ASSAULT (Sec 356, 357 IPC)",On Woman (SC),0,0,0,0
A - IPC Crime,"ASSAULT (Sec 356, 357 IPC)",On Woman (ST),0,0,0,0
A - IPC Crime,COMMUNAL / RELIGION (Sec. 295 to 297 IPC),Attempt to Commit,0,0,1,0
A - IPC Crime,COMMUNAL / RELIGION (Sec. 295 to 297 IPC),Caste Issue,0,0,1,0
A - IPC Crime,COMMUNAL / RELIGION (Sec. 295 to 297 IPC),Communal Issue,2,2,6,2
A - IPC Crime,COMMUNAL / RELIGION (Sec. 295 to 297 IPC),Linguistic Issue,0,0,1,0
A - IPC Crime,COMMUNAL / RELIGION (Sec. 295 to 297 IPC),Political Issue,0,0,0,0
A - IPC Crime,COMMUNAL / RELIGION (Sec. 295 to 297 IPC),Racial/Ethnic Issue,0,1,0,0
A - IPC Crime,COMMUNAL / RELIGION (Sec. 295 to 297 IPC),Regional Issue,3,0,0,3
A - IPC Crime,COMMUNAL / RELIGION (Sec. 295 to 297 IPC),Religious Issue,6,9,7,6
A - IPC Crime,COMMUNAL / RELIGION (Sec. 295 to 297 IPC),Sectarian Issue,0,0,0,0
A - IPC Crime,COMMUNAL / RELIGION (Sec. 295 to 297 IPC),Others,9,5,10,9
A - IPC Crime,"CRIMINAL CONSPIRACY (Sec. 120(B), 121(A) IPC)",Conspiracy To Wage War,0,0,0,0
A - IPC Crime,"CRIMINAL CONSPIRACY (Sec. 120(B), 121(A) IPC)",Related to Substantive Offence,1,1,0,1
A - IPC Crime,"CRIMINAL CONSPIRACY (Sec. 120(B), 121(A) IPC)",Others,4,0,5,4
A - IPC Crime,CRIMINAL INTIMIDATION (Sec. 504 to 508 IPC),NA,174,160,165,174
A - IPC Crime,"CRIMINAL MISAPPROPRIATION (Sec. 403, 404 IPC)",Attempt to Commit,0,0,0,0
A - IPC Crime,"CRIMINAL MISAPPROPRIATION (Sec. 403, 404 IPC)",Bank,0,0,0,0
A - IPC Crime,"CRIMINAL MISAPPROPRIATION (Sec. 403, 404 IPC)",Business Establishment,1,0,0,1
A - IPC Crime,"CRIMINAL MISAPPROPRIATION (Sec. 403, 404 IPC)",Charitable Organisation,0,0,0,0
A - IPC Crime,"CRIMINAL MISAPPROPRIATION (Sec. 403, 404 IPC)",Chitfund Organisation,0,0,0,0
A - IPC Crime,"CRIMINAL MISAPPROPRIATION (Sec. 403, 404 IPC)",Co-operative Organisation,1,0,0,1
A - IPC Crime,"CRIMINAL MISAPPROPRIATION (Sec. 403, 404 IPC)",Commercial Establishment/Shop,0,0,0,0
A - IPC Crime,"CRIMINAL MISAPPROPRIATION (Sec. 403, 404 IPC)",Customs Department,0,0,0,0
A - IPC Crime,"CRIMINAL MISAPPROPRIATION (Sec. 403, 404 IPC)",Excise Department,0,0,0,0
A - IPC Crime,"CRIMINAL MISAPPROPRIATION (Sec. 403, 404 IPC)",Financial Institution,0,0,0,0
A - IPC Crime,"CRIMINAL MISAPPROPRIATION (Sec. 403, 404 IPC)",Income Tax Department,0,0,0,0
A - IPC Crime,"CRIMINAL MISAPPROPRIATION (Sec. 403, 404 IPC)",Other Government Organisation,0,0,0,0
A - IPC Crime,"CRIMINAL MISAPPROPRIATION (Sec. 403, 404 IPC)",Postal Department,0,0,0,0
A - IPC Crime,"CRIMINAL MISAPPROPRIATION (Sec. 403, 404 IPC)",Public Sector Undertakings,0,0,0,0
A - IPC Crime,"CRIMINAL MISAPPROPRIATION (Sec. 403, 404 IPC)",Railway Department,0,0,0,0
A - IPC Crime,"CRIMINAL MISAPPROPRIATION (Sec. 403, 404 IPC)",Revenue Department,0,0,0,0
A - IPC Crime,"CRIMINAL MISAPPROPRIATION (Sec. 403, 404 IPC)",Sales Tax Department,0,0,0,0
A - IPC Crime,"CRIMINAL MISAPPROPRIATION (Sec. 403, 404 IPC)",Social Organisation (Aided) (N),0,0,0,0
A - IPC Crime,"CRIMINAL MISAPPROPRIATION (Sec. 403, 404 IPC)",Transport Authority,0,0,0,0
A - IPC Crime,"CRIMINAL MISAPPROPRIATION (Sec. 403, 404 IPC)",Trust - Other than religious,0,0,0,0
A - IPC Crime,"CRIMINAL MISAPPROPRIATION (Sec. 403, 404 IPC)",Trust - Religious,0,0,0,0
A - IPC Crime,"CRIMINAL MISAPPROPRIATION (Sec. 403, 404 IPC)",Others,1,0,0,1
A - IPC Crime,CRIMINAL TRESPASS (Sec.447 to 452 IPC),Attempt to Commit,0,1,2,0
A - IPC Crime,CRIMINAL TRESPASS (Sec.447 to 452 IPC),Club,0,0,0,0
A - IPC Crime,CRIMINAL TRESPASS (Sec.447 to 452 IPC),Hostel,0,0,0,0
A - IPC Crime,CRIMINAL TRESPASS (Sec.447 to 452 IPC),Hotel,0,1,0,0
A - IPC Crime,CRIMINAL TRESPASS (Sec.447 to 452 IPC),House,39,37,50,39
A - IPC Crime,CRIMINAL TRESPASS (Sec.447 to 452 IPC),Land,70,70,100,70
A - IPC Crime,CRIMINAL TRESPASS (Sec.447 to 452 IPC),Office,1,3,2,1
A - IPC Crime,CRIMINAL TRESPASS (Sec.447 to 452 IPC),Prohibited Places,2,0,1,2
A - IPC Crime,CRIMINAL TRESPASS (Sec.447 to 452 IPC),Religious Place,0,3,2,0
A - IPC Crime,CRIMINAL TRESPASS (Sec.447 to 452 IPC),Restricted Area,0,0,2,0
A - IPC Crime,CRIMINAL TRESPASS (Sec.447 to 452 IPC),Others,11,13,16,11
A - IPC Crime,CRUELTY BY HUSBAND (Sec. 498(A) IPC),Husband ,80,59,66,80
A - IPC Crime,CRUELTY BY HUSBAND (Sec. 498(A) IPC),Husband And Relative(S) in Law,111,101,105,111
A - IPC Crime,CRUELTY BY HUSBAND (Sec. 498(A) IPC),Relative(S) in Law,2,4,4,2
A - IPC Crime,CRUELTY BY HUSBAND (Sec. 498(A) IPC),Dowry Harassment,57,24,38,57
A - IPC Crime,DOWRY DEATHS (Sec.304(B) IPC),By Husband  ,2,1,0,2
A - IPC Crime,DOWRY DEATHS (Sec.304(B) IPC),By Husband And Relatives In Law,4,9,3,4
A - IPC Crime,DOWRY DEATHS (Sec.304(B) IPC),By Relatives in Law,0,0,0,0
A - IPC Crime,DOWRY DEATHS (Sec.304(B) IPC),By Burning,0,0,0,0
A - IPC Crime,DOWRY DEATHS (Sec.304(B) IPC),By Hanging,5,6,4,5
A - IPC Crime,DOWRY DEATHS (Sec.304(B) IPC),By Other Means,2,1,2,2
A - IPC Crime,DEATHS DUE TO RASHNESS/NEGLIGENCE (Sec.304(A) IPC),Adulterated Food/Drug,0,0,0,0
A - IPC Crime,DEATHS DUE TO RASHNESS/NEGLIGENCE (Sec.304(A) IPC),Accident by Air,0,0,0,0
A - IPC Crime,DEATHS DUE TO RASHNESS/NEGLIGENCE (Sec.304(A) IPC),Boad Accident,0,0,0,0
A - IPC Crime,DEATHS DUE TO RASHNESS/NEGLIGENCE (Sec.304(A) IPC),Bridge/Dam Collapse,0,1,0,0
A - IPC Crime,DEATHS DUE TO RASHNESS/NEGLIGENCE (Sec.304(A) IPC),Building Collapse,0,0,0,0
A - IPC Crime,DEATHS DUE TO RASHNESS/NEGLIGENCE (Sec.304(A) IPC),Caused By Animal,0,1,0,0
A - IPC Crime,DEATHS DUE TO RASHNESS/NEGLIGENCE (Sec.304(A) IPC),Death Due to Other Cause,10,5,10,10
A - IPC Crime,DEATHS DUE TO RASHNESS/NEGLIGENCE (Sec.304(A) IPC),Electrocution Accident,4,3,1,4
A - IPC Crime,DEATHS DUE TO RASHNESS/NEGLIGENCE (Sec.304(A) IPC),Explosion Accident,0,0,0,0
A - IPC Crime,DEATHS DUE TO RASHNESS/NEGLIGENCE (Sec.304(A) IPC),Fire accident,0,2,0,0
A - IPC Crime,DEATHS DUE TO RASHNESS/NEGLIGENCE (Sec.304(A) IPC),Gas Leakage Accident,1,0,0,1
A - IPC Crime,DEATHS DUE TO RASHNESS/NEGLIGENCE (Sec.304(A) IPC),Improper Infrastucture In Construction,6,4,7,6
A - IPC Crime,DEATHS DUE TO RASHNESS/NEGLIGENCE (Sec.304(A) IPC),Improper Medical Treatment,0,0,0,0
A - IPC Crime,DEATHS DUE TO RASHNESS/NEGLIGENCE (Sec.304(A) IPC),In Custody of Public Servant,0,0,0,0
A - IPC Crime,DEATHS DUE TO RASHNESS/NEGLIGENCE (Sec.304(A) IPC),In Jail/Judicial Custody,0,0,0,0
A - IPC Crime,DEATHS DUE TO RASHNESS/NEGLIGENCE (Sec.304(A) IPC),In Police Custody,0,0,0,0
A - IPC Crime,DEATHS DUE TO RASHNESS/NEGLIGENCE (Sec.304(A) IPC),Industrial Accident (Factory),0,0,0,0
A - IPC Crime,DEATHS DUE TO RASHNESS/NEGLIGENCE (Sec.304(A) IPC),Inflammable Substance,0,0,0,0
A - IPC Crime,DEATHS DUE TO RASHNESS/NEGLIGENCE (Sec.304(A) IPC),Mine Accident,0,1,0,0
A - IPC Crime,DEATHS DUE TO RASHNESS/NEGLIGENCE (Sec.304(A) IPC),Poisonous Substance,0,0,0,0
A - IPC Crime,DEATHS DUE TO RASHNESS/NEGLIGENCE (Sec.304(A) IPC),Quarry Accident,0,0,1,0
A - IPC Crime,DEATHS DUE TO RASHNESS/NEGLIGENCE (Sec.304(A) IPC),Spurious Liquor (Hooch) Accident,0,0,0,0
A - IPC Crime,DEATHS DUE TO RASHNESS/NEGLIGENCE (Sec.304(A) IPC),Railway Accident,0,0,1,0
A - IPC Crime,DEATHS DUE TO RASHNESS/NEGLIGENCE (Sec.304(A) IPC),Others,7,9,9,7
A - IPC Crime,MOTOR VEHICLE ACCIDENTS FATAL (Sec.304(A) IPC),National Highways,296,332,306,296
A - IPC Crime,MOTOR VEHICLE ACCIDENTS FATAL (Sec.304(A) IPC),State Highways,237,273,236,237
A - IPC Crime,MOTOR VEHICLE ACCIDENTS FATAL (Sec.304(A) IPC),Other Roads,338,339,339,338
A - IPC Crime,MOTOR VEHICLE ACCIDENTS FATAL (Sec.304(A) IPC),Other Places,23,17,15,23
A - IPC Crime,"MOTOR VEHICLE ACCIDENTS NON-FATAL (Sec.279, 337, 338 IPC)",National Highways,724,942,832,724
A - IPC Crime,"MOTOR VEHICLE ACCIDENTS NON-FATAL (Sec.279, 337, 338 IPC)",State Highways,569,650,589,569
A - IPC Crime,"MOTOR VEHICLE ACCIDENTS NON-FATAL (Sec.279, 337, 338 IPC)",Other Roads,974,971,1063,974
A - IPC Crime,"MOTOR VEHICLE ACCIDENTS NON-FATAL (Sec.279, 337, 338 IPC)",Other Places,38,36,34,38
A - IPC Crime,"DEATHS-MISCARRIAGE (Sec.312, 313, 314 IPC)",Child,1,0,0,1
A - IPC Crime,"DEATHS-MISCARRIAGE (Sec.312, 313, 314 IPC)",Woman,0,0,0,0
A - IPC Crime,"DEATHS-MISCARRIAGE (Sec.312, 313, 314 IPC)",Women and Child,0,0,0,0
A - IPC Crime,"DEFENCE FORCES OFFENCES RELATING (also relating to desertion) (Sec.131 to 140, except 136 IPC)",Air Force,0,0,0,0
A - IPC Crime,"DEFENCE FORCES OFFENCES RELATING (also relating to desertion) (Sec.131 to 140, except 136 IPC)",Army,0,0,0,0
A - IPC Crime,"DEFENCE FORCES OFFENCES RELATING (also relating to desertion) (Sec.131 to 140, except 136 IPC)",Navy,0,0,0,0
A - IPC Crime,"ESCAPE FROM LAWFUL CUSTODY AND RESISTANCE (Sec.224, 225, 225(B) IPC)",From Jail Custody,0,0,0,0
A - IPC Crime,"ESCAPE FROM LAWFUL CUSTODY AND RESISTANCE (Sec.224, 225, 225(B) IPC)",From Police Custody,1,2,1,1
A - IPC Crime,"ESCAPE FROM LAWFUL CUSTODY AND RESISTANCE (Sec.224, 225, 225(B) IPC)",Others,2,0,0,2
A - IPC Crime,"IMPERSONATION (Sec.170, 171 IPC)",Attempt to Commit,0,0,0,0
A - IPC Crime,"IMPERSONATION (Sec.170, 171 IPC)",Non-Uniformed Authority,0,0,1,0
A - IPC Crime,"IMPERSONATION (Sec.170, 171 IPC)",Uniformed Authority,0,0,0,0
A - IPC Crime,"MISCHIEF (Sec.427 to 440 except 434, 435, 436, 438 IPC)",NA,21,37,33,21
A - IPC Crime,MOLESTATION (Sec.354 IPC),Attempt to Commit,14,7,9,14
A - IPC Crime,MOLESTATION (Sec.354 IPC),Private Place,92,53,85,92
A - IPC Crime,MOLESTATION (Sec.354 IPC),Public Conveyance,1,0,1,1
A - IPC Crime,MOLESTATION (Sec.354 IPC),Public Place,125,143,165,125
A - IPC Crime,MOLESTATION (Sec.354 IPC),Other Places,260,193,215,260
A - IPC Crime,POISONING-PROFESSIONAL (Sec. 328 IPC),Attempt to Commit,0,0,0,0
A - IPC Crime,POISONING-PROFESSIONAL (Sec. 328 IPC),Fatal,0,0,0,0
A - IPC Crime,POISONING-PROFESSIONAL (Sec. 328 IPC),Non Fatal,0,2,1,0
A - IPC Crime,PORNOGRAPHY (Sec.292 to 294 IPC),Advertisement,0,0,0,0
A - IPC Crime,PORNOGRAPHY (Sec.292 to 294 IPC),Audio Tape,0,0,0,0
A - IPC Crime,PORNOGRAPHY (Sec.292 to 294 IPC),Book,0,0,0,0
A - IPC Crime,PORNOGRAPHY (Sec.292 to 294 IPC),Computer Software,0,0,0,0
A - IPC Crime,PORNOGRAPHY (Sec.292 to 294 IPC),Figures,0,0,0,0
A - IPC Crime,PORNOGRAPHY (Sec.292 to 294 IPC),Film (Blue),0,0,0,0
A - IPC Crime,PORNOGRAPHY (Sec.292 to 294 IPC),Painting,0,0,0,0
A - IPC Crime,PORNOGRAPHY (Sec.292 to 294 IPC),Pamphlet,0,0,0,0
A - IPC Crime,PORNOGRAPHY (Sec.292 to 294 IPC),Paper,0,0,0,0
A - IPC Crime,PORNOGRAPHY (Sec.292 to 294 IPC),Photography,0,0,0,0
A - IPC Crime,PORNOGRAPHY (Sec.292 to 294 IPC),Poster,0,0,0,0
A - IPC Crime,PORNOGRAPHY (Sec.292 to 294 IPC),Video Film(Blue),0,0,0,0
A - IPC Crime,PORNOGRAPHY (Sec.292 to 294 IPC),Others,0,0,0,0
A - IPC Crime,PUBLIC JUSTICE (Sec.213 to 215 IPC),NA,1,0,0,1
A - IPC Crime,PUBLIC NUISANCE (Sec.291 and 510 IPC),NA,3,2,3,3
A - IPC Crime,"PUBLIC SAFETY (Sec.269 to 271, 277, 283, 289 IPC)",NA,380,54,103,380
A - IPC Crime,"OFFENCES AGAINST PUBLIC SERVANTS (Public servant is a victim) (Sec 182-188, 332, 333, 353 IPC)",Attempt to Commit,3,1,1,3
A - IPC Crime,"OFFENCES AGAINST PUBLIC SERVANTS (Public servant is a victim) (Sec 182-188, 332, 333, 353 IPC)",Defence Personnel,0,0,0,0
A - IPC Crime,"OFFENCES AGAINST PUBLIC SERVANTS (Public servant is a victim) (Sec 182-188, 332, 333, 353 IPC)",Jail Personnel,0,0,0,0
A - IPC Crime,"OFFENCES AGAINST PUBLIC SERVANTS (Public servant is a victim) (Sec 182-188, 332, 333, 353 IPC)",Judicial Official,2,1,0,2
A - IPC Crime,"OFFENCES AGAINST PUBLIC SERVANTS (Public servant is a victim) (Sec 182-188, 332, 333, 353 IPC)",Minister,0,0,0,0
A - IPC Crime,"OFFENCES AGAINST PUBLIC SERVANTS (Public servant is a victim) (Sec 182-188, 332, 333, 353 IPC)",MLA,0,0,0,0
A - IPC Crime,"OFFENCES AGAINST PUBLIC SERVANTS (Public servant is a victim) (Sec 182-188, 332, 333, 353 IPC)",MP,0,0,0,0
A - IPC Crime,"OFFENCES AGAINST PUBLIC SERVANTS (Public servant is a victim) (Sec 182-188, 332, 333, 353 IPC)",Nationalised Bank Personnel,0,1,0,0
A - IPC Crime,"OFFENCES AGAINST PUBLIC SERVANTS (Public servant is a victim) (Sec 182-188, 332, 333, 353 IPC)",Other Elected Member,2,0,1,2
A - IPC Crime,"OFFENCES AGAINST PUBLIC SERVANTS (Public servant is a victim) (Sec 182-188, 332, 333, 353 IPC)",Other Enforcement Official,1,0,0,1
A - IPC Crime,"OFFENCES AGAINST PUBLIC SERVANTS (Public servant is a victim) (Sec 182-188, 332, 333, 353 IPC)",Other Govt. Official,39,28,39,39
A - IPC Crime,"OFFENCES AGAINST PUBLIC SERVANTS (Public servant is a victim) (Sec 182-188, 332, 333, 353 IPC)",Para Military Personnel,0,0,0,0
A - IPC Crime,"OFFENCES AGAINST PUBLIC SERVANTS (Public servant is a victim) (Sec 182-188, 332, 333, 353 IPC)",Police Personnel,44,25,27,44
A - IPC Crime,"OFFENCES AGAINST PUBLIC SERVANTS (Public servant is a victim) (Sec 182-188, 332, 333, 353 IPC)",Public Sector Undertaking Official,8,7,8,8
A - IPC Crime,"OFFENCES BY PUBLIC SERVANTS (EXCEPT CORRUPTION) (Public servant is accused) (Sec.128, 139, 167, 218, 221, 222 IPC)",Defence Personnel,0,0,0,0
A - IPC Crime,"OFFENCES BY PUBLIC SERVANTS (EXCEPT CORRUPTION) (Public servant is accused) (Sec.128, 139, 167, 218, 221, 222 IPC)",Jail Personnel,0,0,0,0
A - IPC Crime,"OFFENCES BY PUBLIC SERVANTS (EXCEPT CORRUPTION) (Public servant is accused) (Sec.128, 139, 167, 218, 221, 222 IPC)",Judicial Official,0,0,0,0
A - IPC Crime,"OFFENCES BY PUBLIC SERVANTS (EXCEPT CORRUPTION) (Public servant is accused) (Sec.128, 139, 167, 218, 221, 222 IPC)",Minister,0,0,0,0
A - IPC Crime,"OFFENCES BY PUBLIC SERVANTS (EXCEPT CORRUPTION) (Public servant is accused) (Sec.128, 139, 167, 218, 221, 222 IPC)",MLA,0,0,0,0
A - IPC Crime,"OFFENCES BY PUBLIC SERVANTS (EXCEPT CORRUPTION) (Public servant is accused) (Sec.128, 139, 167, 218, 221, 222 IPC)",MP,0,0,0,0
A - IPC Crime,"OFFENCES BY PUBLIC SERVANTS (EXCEPT CORRUPTION) (Public servant is accused) (Sec.128, 139, 167, 218, 221, 222 IPC)",Nationalised Bank Personnel,0,0,0,0
A - IPC Crime,"OFFENCES BY PUBLIC SERVANTS (EXCEPT CORRUPTION) (Public servant is accused) (Sec.128, 139, 167, 218, 221, 222 IPC)",Other Elected Member,0,0,0,0
A - IPC Crime,"OFFENCES BY PUBLIC SERVANTS (EXCEPT CORRUPTION) (Public servant is accused) (Sec.128, 139, 167, 218, 221, 222 IPC)",Other Enforcement Official,0,0,0,0
A - IPC Crime,"OFFENCES BY PUBLIC SERVANTS (EXCEPT CORRUPTION) (Public servant is accused) (Sec.128, 139, 167, 218, 221, 222 IPC)",Other Govt. Official,0,0,1,0
A - IPC Crime,"OFFENCES BY PUBLIC SERVANTS (EXCEPT CORRUPTION) (Public servant is accused) (Sec.128, 139, 167, 218, 221, 222 IPC)",Para Military Personnel,0,0,0,0
A - IPC Crime,"OFFENCES BY PUBLIC SERVANTS (EXCEPT CORRUPTION) (Public servant is accused) (Sec.128, 139, 167, 218, 221, 222 IPC)",Police Personnel,1,0,0,1
A - IPC Crime,"OFFENCES BY PUBLIC SERVANTS (EXCEPT CORRUPTION) (Public servant is accused) (Sec.128, 139, 167, 218, 221, 222 IPC)",Public Sector Undertaking Official,0,0,1,0
A - IPC Crime,"OFFENCES BY PUBLIC SERVANTS (EXCEPT CORRUPTION) (Public servant is accused) (Sec.128, 139, 167, 218, 221, 222 IPC)",Others,2,0,0,2
A - IPC Crime,"NEGLIGENT ACT (Sec.280 to 289, 336 to 338 except 283 IPC)",Animal -Related,2,3,0,2
A - IPC Crime,"NEGLIGENT ACT (Sec.280 to 289, 336 to 338 except 283 IPC)",Boat/Vessel - Related,0,0,0,0
A - IPC Crime,"NEGLIGENT ACT (Sec.280 to 289, 336 to 338 except 283 IPC)",Explosive/Explosive Substances - Related,2,1,0,2
A - IPC Crime,"NEGLIGENT ACT (Sec.280 to 289, 336 to 338 except 283 IPC)",Inflammable Substance- Related ,3,0,2,3
A - IPC Crime,"NEGLIGENT ACT (Sec.280 to 289, 336 to 338 except 283 IPC)",Machinery - Related,12,13,14,12
A - IPC Crime,"NEGLIGENT ACT (Sec.280 to 289, 336 to 338 except 283 IPC)",Poisonous Substance - Related,0,0,1,0
A - IPC Crime,"NEGLIGENT ACT (Sec.280 to 289, 336 to 338 except 283 IPC)",Other - Related,77,41,31,77
A - IPC Crime,"NEGLIGENT ACT (Sec.280 to 289, 336 to 338 except 283 IPC)",Human - Related,37,17,22,37
A - IPC Crime,RECEIVING OF STOLEN PROPERTY (Sec.411 to 414 IPC),NA,0,0,0,0
A - IPC Crime,SEDITION (Sec. 124A IPC),Attempt to Commit,0,0,0,0
A - IPC Crime,SEDITION (Sec. 124A IPC),By Foreigner,0,0,0,0
A - IPC Crime,SEDITION (Sec. 124A IPC),By National,0,0,0,0
A - IPC Crime,SEDITION (Sec. 124A IPC),By National And Foreigner,0,0,0,0
A - IPC Crime,INSULTING MODESTY OF WOMEN (EVE TEASING) (Sec.509 IPC),Attempt to Commit,0,0,0,0
A - IPC Crime,INSULTING MODESTY OF WOMEN (EVE TEASING) (Sec.509 IPC),Office,0,1,2,0
A - IPC Crime,INSULTING MODESTY OF WOMEN (EVE TEASING) (Sec.509 IPC),Public Conveyance,0,0,0,0
A - IPC Crime,INSULTING MODESTY OF WOMEN (EVE TEASING) (Sec.509 IPC),Public Place,5,3,3,5
A - IPC Crime,INSULTING MODESTY OF WOMEN (EVE TEASING) (Sec.509 IPC),Other Places,3,2,2,3
A - IPC Crime,"SUICIDE (Sec.305, 306, 309 IPC)",Dowry,2,2,0,2
A - IPC Crime,"SUICIDE (Sec.305, 306, 309 IPC)",Abetment of Suicide,27,26,23,27
A - IPC Crime,"SUICIDE (Sec.305, 306, 309 IPC)",Other Reasons,21,23,21,21
A - IPC Crime,"SUICIDE (Sec.305, 306, 309 IPC)",Attempt to Commit suicide,14,17,7,14
A - IPC Crime,UNNATURAL SEX (Sec.377 IPC),Abetment  ,0,0,0,0
A - IPC Crime,UNNATURAL SEX (Sec.377 IPC),Animal  ,0,0,0,0
A - IPC Crime,UNNATURAL SEX (Sec.377 IPC),Attempt,0,0,0,0
A - IPC Crime,UNNATURAL SEX (Sec.377 IPC),Major - Man,0,0,0,0
A - IPC Crime,UNNATURAL SEX (Sec.377 IPC),Major - Woman,0,0,0,0
A - IPC Crime,UNNATURAL SEX (Sec.377 IPC),Minor - Boy,0,1,1,0
A - IPC Crime,UNNATURAL SEX (Sec.377 IPC),Minor - Girl,0,0,0,0
A - IPC Crime,WRONGFUL RESTRAINT/CONFINEMENT (Sec.341 to 348 IPC),Attempt to Commit,5,2,3,5
A - IPC Crime,WRONGFUL RESTRAINT/CONFINEMENT (Sec.341 to 348 IPC),To Extort Confession,0,0,1,0
A - IPC Crime,WRONGFUL RESTRAINT/CONFINEMENT (Sec.341 to 348 IPC),To Extort Property,4,1,3,4
A - IPC Crime,WRONGFUL RESTRAINT/CONFINEMENT (Sec.341 to 348 IPC),To settle Dispute,0,2,2,0
A - IPC Crime,WRONGFUL RESTRAINT/CONFINEMENT (Sec.341 to 348 IPC),Others,29,32,30,29
A - IPC Crime,"INFANTICIDE (Sec.315, 316 IPC)",Male,0,0,0,0
A - IPC Crime,"INFANTICIDE (Sec.315, 316 IPC)",Female,0,0,0,0
A - IPC Crime,OFFENCES RELATED TO MARRIAGE (Sec.493 to 498 IPC),NA,2,4,6,2
A - IPC Crime,"BUYING & SELLING MINOR FOR PROSTITUTION (Sec.372, 373 IPC)",NA,0,0,0,0
A - IPC Crime,DOCUMENTS & PROPERTY MARKS (Sec.483 to 489 IPC),Documents  ,0,0,0,0
A - IPC Crime,DOCUMENTS & PROPERTY MARKS (Sec.483 to 489 IPC),Property  ,0,0,0,0
A - IPC Crime,DEFAMATION (Sec.500 to 502 IPC),Persons ,1,0,0,1
A - IPC Crime,DEFAMATION (Sec.500 to 502 IPC),Printed Matter,1,0,0,1
A - IPC Crime,DEFAMATION (Sec.500 to 502 IPC),Others,1,0,2,1
A - IPC Crime,ELECTION(Sec.171(E) to 171(1) IPC),Assembly,0,0,1,0
A - IPC Crime,ELECTION(Sec.171(E) to 171(1) IPC),Parliament,0,0,0,0
A - IPC Crime,ELECTION(Sec.171(E) to 171(1) IPC),Other Elected Bodies,0,2,16,0
A - IPC Crime,"SLAVERY (Sec.370, 371, 374 IPC)",Man,0,0,0,0
A - IPC Crime,"SLAVERY (Sec.370, 371, 374 IPC)",Woman,0,0,1,0
A - IPC Crime,"SLAVERY (Sec.370, 371, 374 IPC)",Boy,0,0,0,0
A - IPC Crime,"SLAVERY (Sec.370, 371, 374 IPC)",Girl,0,0,0,0
A - IPC Crime,Attempting to commit offences (Sec.511 IPC),Attempting to commit offences,14,16,23,14
A - IPC Crime,ILLEGAL DETENTION (Sec.342 IPC),NA,0,0,0,0
A - IPC Crime,FALSE EVIDENCE (Sec.191 to 205 IPC),NA,0,2,0,0
A - IPC Crime,EXPOSURE AND ABANDONMENT OF CHILD (Sec.317 IPC),Boy ,1,2,4,1
A - IPC Crime,EXPOSURE AND ABANDONMENT OF CHILD (Sec.317 IPC),Girl,3,6,4,3
A - IPC Crime,OF ABETMENT (Sec.107 to 120 IPC),NA,1,1,0,1
A - IPC Crime,"FAILURE TO APPEAR TO COURT (Sec.174, 229A IPC)",174 A,6,3,36,6
A - IPC Crime,"FAILURE TO APPEAR TO COURT (Sec.174, 229A IPC)",229 A,9,26,229,9
A - IPC Crime,Concealment of birth by secret disposal of Child,Girl,2,2,1,2
A - IPC Crime,Concealment of birth by secret disposal of Child,Boy,2,1,1,2
A - IPC Crime,ASSAULT OR USE OF CRIMINAL FORCE TO DISROBE WOMEN,NA,2,1,2,2
A - IPC Crime,Disobedience to Order Promulgated by Public/Servant,By Private Institution,7,2,6,7
A - IPC Crime,Disobedience to Order Promulgated by Public/Servant,By Govt. Institution,10,0,4,10
A - IPC Crime,Disobedience to Order Promulgated by Public/Servant,By Others,1,0,0,1
A - IPC Crime,B - SPECIAL & LOCAL LAWS,ANTIQUES (CULTURAL PROPERTY),,,,
A - IPC Crime,B - SPECIAL & LOCAL LAWS,Antiques & Art Treasures Act 1972,0,0,0,0
A - IPC Crime,B - SPECIAL & LOCAL LAWS,Ancient Monument & Archaelogical Sites And Remains Act 1958,0,1,0,0
A - IPC Crime,ARMS ACT 1959,Country Made - Non Prohibited Bore - In Disturbed Area,0,0,2,0
A - IPC Crime,ARMS ACT 1959,Country Made - Non Prohibited Bore - In Other Area,5,13,4,5
A - IPC Crime,ARMS ACT 1959,Country Made - Prohibited Bore - In Disturbed Area,1,1,0,1
A - IPC Crime,ARMS ACT 1959,Country Made - Prohibited Bore - In Other Area,7,6,7,7
A - IPC Crime,ARMS ACT 1959,Factory Made - Non Prohibited Bore - In Disturbed Area,0,0,0,0
A - IPC Crime,ARMS ACT 1959,Factory Made - Non Prohibited Bore - In Other Area,3,6,2,3
A - IPC Crime,ARMS ACT 1959,Factory Made - Prohibited Bore - In Disturbed Area,1,1,0,1
A - IPC Crime,ARMS ACT 1959,Factory Made - Prohibited Bore - In Other Area,1,2,1,1
A - IPC Crime,ANIMAL,Wild Life Preservation Act 1972,0,0,0,0
A - IPC Crime,ANIMAL,Wild Life Protection Act 1972,0,1,2,0
A - IPC Crime,ANIMAL,Prevention of Cruelty to Animals Act 1960,29,6,31,29
A - IPC Crime,ANIMAL,Elephant (Preservation) Act 1879,0,0,0,0
A - IPC Crime,ANIMAL,Cattle Tresspass Act 1871,1,0,0,1
A - IPC Crime,CINEMATOGRAPHY ACT 1952,Films,0,0,0,0
A - IPC Crime,CINEMATOGRAPHY ACT 1952,Video,0,0,0,0
A - IPC Crime,CONSUMER,Liquified Petroleum Gas Supply & Control Order 2000 ,3,0,3,3
A - IPC Crime,CONSUMER,Consumer (Protection) Act 1986,1,0,1,1
A - IPC Crime,CONSUMER,Essential Commodities Act 1955,62,40,33,62
A - IPC Crime,CONSUMER,Prevention of Food Adulternation Act 1954,0,0,1,0
A - IPC Crime,CONSUMER,Packaged Commodities (Regulation) order 1975,0,0,0,0
A - IPC Crime,COPY RIGHT ACT 1957,By Company,8,8,10,8
A - IPC Crime,COPY RIGHT ACT 1957,By Individual,5,5,9,5
A - IPC Crime,CIVIL RIGHTS,Protection of Civil Rights Act 1955,0,0,0,0
A - IPC Crime,SCHEDULED CASTE AND THE SCHEDULED TRIBES,Scheduled Caste  ,140,87,127,140
A - IPC Crime,SCHEDULED CASTE AND THE SCHEDULED TRIBES,Scheduled Tribes,22,20,24,22
A - IPC Crime,SCHEDULED CASTE AND THE SCHEDULED TRIBES,Scheduled Caste Women,34,32,39,34
A - IPC Crime,SCHEDULED CASTE AND THE SCHEDULED TRIBES,Scheduled Tribes Women,13,12,10,13
A - IPC Crime,CHILDREN ACT,Child Labour (Prohibition & Regulation) Act1986,10,14,8,10
A - IPC Crime,CHILDREN ACT,The Prohibition of Child Marriage Act - 2006,22,6,51,22
A - IPC Crime,CHILDREN ACT,Juvenile Justice Act 1986,7,7,10,7
A - IPC Crime,CHILDREN ACT,Probation of offenders Act 1958,1,0,0,1
A - IPC Crime,CHILDREN ACT,Protection of Children from Sexual Offences Act 2012 (POCSO),0,0,0,0
A - IPC Crime,PREVENTION OF CORRUPTION ACT 1988,Public Servant - Elected,0,0,0,0
A - IPC Crime,PREVENTION OF CORRUPTION ACT 1988,Public Servant - Gazetted - Central,0,0,0,0
A - IPC Crime,PREVENTION OF CORRUPTION ACT 1988,Public Servant - Gazetted - Defence,0,0,0,0
A - IPC Crime,PREVENTION OF CORRUPTION ACT 1988,Public Servant - Gazetted - Public Sector Undertaking,0,0,0,0
A - IPC Crime,PREVENTION OF CORRUPTION ACT 1988,Public Servant - Gazetted - State,0,0,0,0
A - IPC Crime,PREVENTION OF CORRUPTION ACT 1988,Public Servant - Non-Gazetted - Central,0,0,0,0
A - IPC Crime,PREVENTION OF CORRUPTION ACT 1988,Public Servant - Non-Gazetted - Defence,0,0,0,0
A - IPC Crime,PREVENTION OF CORRUPTION ACT 1988,Public Servant - Non-Gazetted - State,0,0,0,0
A - IPC Crime,CUSTOMS,Customs Act 1962,0,0,0,0
A - IPC Crime,CUSTOMS,Import/Export (Control) Act 1947,0,0,0,0
A - IPC Crime,Explosives,Explosives,,,,
A - IPC Crime,Explosives Substances Act 1908,Explosives Substances Act 1908,3,7,0,3
A - IPC Crime,Explosives Act 1884,Explosives Act 1884,3,11,2,3
A - IPC Crime,Inflammable Substance Act 1952,Inflammable Substance Act 1952,1,0,0,1
A - IPC Crime,FOREIGN EXCHANGE,Smugglers and Foreign Exchange Manipulator Act 1976,0,0,0,0
A - IPC Crime,FOREIGN EXCHANGE,Foreign Exchange Regulation Act 1973,0,0,0,0
A - IPC Crime,FOREIGN EXCHANGE,Foreign Exchange Regulation Act 1952,0,0,0,0
A - IPC Crime,FOREIGNER,Foreigners Act 1946,4,6,2,4
A - IPC Crime,FOREIGNER,Registration of Foreigners Act 1939,0,0,0,0
A - IPC Crime,FOREST,Indian Forest Act 1927,2,0,0,2
A - IPC Crime,FOREST,Forest (Conservation) Act 1980,1,0,1,1
A - IPC Crime,HIJACKING,Foreign Aircraft - In India,0,0,0,0
A - IPC Crime,HIJACKING,Foreign Aircraft - Outside India,0,0,0,0
A - IPC Crime,HIJACKING,Indian Aircraft - In India,0,0,0,0
A - IPC Crime,HIJACKING,Indian Aircraft - Outside India,0,0,0,0
A - IPC Crime,IMMORAL TRAFFIC,Organised,10,9,17,10
A - IPC Crime,IMMORAL TRAFFIC,Un-Organised,7,6,5,7
A - IPC Crime,BONDED LABOUR SYSTEM,NA,0,2,0,0
A - IPC Crime,INDIAN MOTOR VEHICLE,NA,1,3,0,1
A - IPC Crime,NARCOTIC DRUGS & PSYCHOTROPIC SUBSTANCES ACT,Cultivated/Processed,275,220,500,275
A - IPC Crime,NARCOTIC DRUGS & PSYCHOTROPIC SUBSTANCES ACT,Synthetic,167,113,316,167
A - IPC Crime,PASSPORT ACT,Foreigner,0,1,0,0
A - IPC Crime,PASSPORT ACT,Indian,2,2,2,2
A - IPC Crime,REPRESENTATIVE OF PEOPLE ACT 1951 & 1988,Assembly,0,0,2,0
A - IPC Crime,REPRESENTATIVE OF PEOPLE ACT 1951 & 1988,Parliament,0,0,1,0
A - IPC Crime,REPRESENTATIVE OF PEOPLE ACT 1951 & 1988,Other Elected Bodies,1,0,9,1
A - IPC Crime,KARNATAKA POLICE ACT 1963,Gambling - Matka (78 Class C),382,645,239,382
A - IPC Crime,KARNATAKA POLICE ACT 1963,Street Gambling (87),476,464,277,476
A - IPC Crime,KARNATAKA POLICE ACT 1963,House Gambling (79 & 80),17,16,17,17
A - IPC Crime,KARNATAKA POLICE ACT 1963,Betting ,11,26,15,11
A - IPC Crime,KARNATAKA POLICE ACT 1963,Others ,31,43,24,31
A - IPC Crime,PREVENTION OF DAMAGE TO PUBLIC PROPERTY ACT 1984,NA,21,10,16,21
A - IPC Crime,"POST & TELEGRAPH, TELEGRAPH WIRES (UNLAWFUL POSSESSION) ACT 1980",NA,2,0,0,2
A - IPC Crime,OFFICIAL SECURITY RELATED ACTS,Official Secrets Act 1923,0,0,0,0
A - IPC Crime,OFFICIAL SECURITY RELATED ACTS,Essential Services Maintenance Act 1981,0,0,0,0
A - IPC Crime,PREVENTION OF TERRORISM ACT (POTA),NA,0,0,0,0
A - IPC Crime,RAILWAYS ACT,Indian Railways Act 1989,1,0,1,1
A - IPC Crime,RAILWAYS ACT,Railway Property (Unlawful Possession) Act 1966,0,0,0,0
A - IPC Crime,UNLAWFUL ACTIVITIES (Prevention) Act 1967,NA,0,0,0,0
A - IPC Crime,CRIMES RELATED TO WOMEN,Dowry Prohibition,149,173,175,149
A - IPC Crime,CRIMES RELATED TO WOMEN,Commission of SATI (Prevention) Act 1987,0,0,0,0
A - IPC Crime,CRIMES RELATED TO WOMEN,Indecent Representation of Women (Prohibition) Act 1986,0,0,0,0
A - IPC Crime,INDIAN LUNACY ACT,NA,0,0,0,0
A - IPC Crime,INDIAN ELECTRICITY ACT,NA,3,1,1,3
A - IPC Crime,"COTPA, CIGARETTES AND OTHER TOBACCO PRODUCTS",NA,13,13,7,13
A - IPC Crime,KARNATAKA STATE LOCAL ACTS,Disaster Management Act 2005,29,3,3,29
A - IPC Crime,KARNATAKA STATE LOCAL ACTS,Karnataka Epidemic Deseases Act 2020,49,1,2,49
A - IPC Crime,KARNATAKA STATE LOCAL ACTS,"The Karnataka Prevention of Dangerous Activities of Bootleggers, Drug-offenders, Gamblers, Goonda Act",1,0,0,1
A - IPC Crime,KARNATAKA STATE LOCAL ACTS,Karnataka Cow Slaughters Act,20,22,31,20
A - IPC Crime,KARNATAKA STATE LOCAL ACTS,Karnataka Prevention of Slaughter and Preservation of Cattle Act 2020,17,0,21,17
A - IPC Crime,KARNATAKA STATE LOCAL ACTS,Karnataka Excise Act 1965,635,339,378,635
A - IPC Crime,KARNATAKA STATE LOCAL ACTS,Karnataka Forest Act 1963,4,4,10,4
A - IPC Crime,KARNATAKA STATE LOCAL ACTS,Karnataka Education Act 1983 As Amended Upto Date,1,1,1,1
A - IPC Crime,KARNATAKA STATE LOCAL ACTS,Karnataka Kerosene Restriction Unuse Act 1956,0,0,0,0
A - IPC Crime,KARNATAKA STATE LOCAL ACTS,Karnataka University Act,0,0,0,0
A - IPC Crime,KARNATAKA STATE LOCAL ACTS,Karnataka Corruption Act,0,0,0,0
A - IPC Crime,KARNATAKA STATE LOCAL ACTS,Karnataka Medical Registration Act 1965,1,0,0,1
A - IPC Crime,KARNATAKA STATE LOCAL ACTS,Karnataka Land & Revenue Acdt 1964 & 2007,13,20,2,13
A - IPC Crime,KARNATAKA STATE LOCAL ACTS,Karnataka Kerosene Dealers License Order 1969,0,0,0,0
A - IPC Crime,KARNATAKA STATE LOCAL ACTS,Karnataka Society Registration Act,0,0,0,0
A - IPC Crime,KARNATAKA STATE LOCAL ACTS,Karnataka Minor Mineral Consistent Rule 1994,6,4,4,6
A - IPC Crime,KARNATAKA STATE LOCAL ACTS,Bangalore Development Authority Act,0,0,0,0
A - IPC Crime,KARNATAKA STATE LOCAL ACTS,Karnataka Prohibition of Beggery Act 1975,0,0,0,0
A - IPC Crime,KARNATAKA STATE LOCAL ACTS,Karnataka Municipalities Act 1964,0,0,0,0
A - IPC Crime,KARNATAKA STATE LOCAL ACTS,Karnataka Irrigation Act 1963,0,0,0,0
A - IPC Crime,KARNATAKA STATE LOCAL ACTS,Karnataka Fire Force act 1964,0,0,0,0
A - IPC Crime,KARNATAKA STATE LOCAL ACTS,Karnataka Consumer Protection Act 1986,0,0,0,0
A - IPC Crime,KARNATAKA STATE LOCAL ACTS,Karnataka Lottery Act,2,3,2,2
A - IPC Crime,KARNATAKA STATE LOCAL ACTS,Karnataka Weight & Measurement Act,0,0,0,0
A - IPC Crime,KARNATAKA STATE LOCAL ACTS,Karnataka Agriculture Marketing Regulation Act,0,0,0,0
A - IPC Crime,KARNATAKA STATE LOCAL ACTS,Karnataka Revenue Act,0,0,0,0
A - IPC Crime,KARNATAKA STATE LOCAL ACTS,Karnataka Mining Act,0,0,0,0
A - IPC Crime,KARNATAKA STATE LOCAL ACTS,Karnataka Betting Tax Act,0,0,0,0
A - IPC Crime,KARNATAKA STATE LOCAL ACTS,Karnataka Panchayat Raj Act,0,0,0,0
A - IPC Crime,KARNATAKA STATE LOCAL ACTS,Karnataka Open Place Disfigurement Act 1951,4,6,6,4
A - IPC Crime,KARNATAKA STATE LOCAL ACTS,Karnataka Right To Information Act 2000 & 2008,0,0,0,0
A - IPC Crime,KARNATAKA STATE LOCAL ACTS,Karnataka Urban Development Act 1987,0,0,0,0
A - IPC Crime,KARNATAKA STATE LOCAL ACTS,Karnataka Town & City Planning Act 1961,0,0,0,0
A - IPC Crime,KARNATAKA STATE LOCAL ACTS,Karnataka Race Betting Act,0,0,0,0
A - IPC Crime,KARNATAKA STATE LOCAL ACTS,Karnataka Devadasi's (Prohibition Of Dedication) Act 1982,0,0,0,0
A - IPC Crime,KARNATAKA STATE LOCAL ACTS,Cooperative Society Act,0,0,0,0
A - IPC Crime,KARNATAKA STATE LOCAL ACTS,Karnataka Entertainment Tax Act 1958,1,0,0,1
A - IPC Crime,KARNATAKA STATE LOCAL ACTS,Karnataka Land Acquisition (Prohibition) Act 2007,0,0,0,0
A - IPC Crime,KARNATAKA STATE LOCAL ACTS,Karnataka Money Lender Act 1961,1,1,2,1
A - IPC Crime,KARNATAKA STATE LOCAL ACTS,Karnataka Stamp Act 1957,0,0,0,0
A - IPC Crime,KARNATAKA STATE LOCAL ACTS,Karnataka Prisoners Act 1963 & 1974,0,0,0,0
A - IPC Crime,KARNATAKA STATE LOCAL ACTS,Karnataka Private Medical Institution Act 2007,0,0,0,0
A - IPC Crime,KARNATAKA STATE LOCAL ACTS,MMRD (Mines & Minerals Regulation Development ) Act 1957,22,22,11,22
A - IPC Crime,KARNATAKA STATE LOCAL ACTS,Karnataka Treasure Trove Act 1962,1,0,0,1
A - IPC Crime,KARNATAKA STATE LOCAL ACTS,Karnataka Prohibition of Charging Exorbitant Interest Act 2004,1,2,2,1
A - IPC Crime,KARNATAKA STATE LOCAL ACTS,Karnataka Ayurvedic And Unani Pract. Regis. & Medical Prac. Misc. Prov. Act,0,0,0,0
A - IPC Crime,KARNATAKA STATE LOCAL ACTS,Other Local Acts,18,6,4,18
A - IPC Crime,CYBER CRIME,"Information Technology Act 2000, 2009",800,558,1010,800
A - IPC Crime,NATIONAL SECURITY ACT,NA,0,0,0,0
A - IPC Crime,POCSO,Custodial Rape,0,0,0,0
A - IPC Crime,POCSO,Gang Rape,1,1,1,1
A - IPC Crime,POCSO,Rape,139,151,157,139
A - IPC Crime,POCSO,Others ,83,67,88,83
A - IPC Crime,Rape (Sec. 376 IPC),1.1  Custodial Rape,0,0,0,0
A - IPC Crime,Rape (Sec. 376 IPC),1.2  Gang Rape,1,1,1,1
A - IPC Crime,Rape (Sec. 376 IPC),1.3  other Cases of Rape,37,41,41,37
A - IPC Crime,Outraging modesty (Molestation) (sec.354 IPC),NA,492,396,475,492
A - IPC Crime,Kidnapping & Abduction of Women: (Sec.366 IPC),NA,36,16,9,21
A - IPC Crime,Insulting modesty (Eve-Teasing) (Sec.294 & 509 IPC if victim is a woman),NA,8,6,7,8
A - IPC Crime,Murder for Dowry - by burning (Sec.302 IPC),NA,0,1,0,0
A - IPC Crime,"Murder for Dowry - by other means
(Sec.302 IPC)",NA,0,1,1,0
A - IPC Crime,Murder for other reasons,NA,36,35,26,36
A - IPC Crime,Attempt to Commit Murder for dowry by burning (Sec.307 IPC),NA,0,0,0,0
A - IPC Crime,Attempt to Commit Murder for dowry by other means (Sec.307 IPC),NA,1,6,2,1
A - IPC Crime,Attempt to Commit murder for other reasons,NA,70,69,75,70
A - IPC Crime,"Dowry Death-by burning
(Sec.304-B IPC)",NA,0,0,0,0
A - IPC Crime,Dowry Death-by other Means (Sec.304(B) IPC),NA,13,17,9,13
A - IPC Crime,Cruelty by Husband or Relatives of Husband (Sec.498-A IPC),NA,250,188,213,250
A - IPC Crime,Abetment of Suicide (Sec.306 IPC),NA,15,15,14,15
A - IPC Crime,Immoral Traffic (prevention) Act.,NA,17,15,22,17
A - IPC Crime,Indecent Representation of Women(Prohibition) Act-1986,NA,0,0,0,0
A - IPC Crime,Pornography,NA,0,0,0,0
A - IPC Crime,Offences against Public Servants (Sec.182-188-333-353 IPC),NA,8,8,8,8
A - IPC Crime,Offences related to Marriage,NA,2,3,4,2
A - IPC Crime,Cyber Crimes,NA,219,109,294,219
A - IPC Crime,"Infanticide/ Foeticide 
(Sec. 315 & 316 IPC)",NA,0,0,0,0
A - IPC Crime,Rape on Minor,NA,0,0,0,0
A - IPC Crime,Exposure & abandonment (Sec. 317 IPC),NA,4,8,8,4
A - IPC Crime,Kidnapping & Abduction of Children,NA,268,204,285,268
A - IPC Crime,For Ransom - of Children,NA,0,2,0,0
A - IPC Crime,of Children - for begging,NA,0,0,0,0
A - IPC Crime,of Girls - Immoral Purpose,NA,1,0,0,1
A - IPC Crime,With intent to Steal from Child,NA,0,0,0,0
A - IPC Crime,Lawful Guardianship,NA,0,0,0,0
A - IPC Crime,Procuration of Minor Girls - For Prostitution,NA,0,0,0,0
A - IPC Crime,Procuration of Minor Girls - Importing of Girl,NA,0,0,0,0
A - IPC Crime,Procuration of Minor Girls - For Other Purposes,NA,1,2,4,1
A - IPC Crime,Selling of girls for Prostitution (Sec.372 IPC),NA,0,0,0,0
A - IPC Crime,The Prohibition of Child Marriage Act - 2006,NA,22,6,51,22
A - IPC Crime,POCSO Act,NA,223,219,246,223
A - IPC Crime,Death of Children due to miscarriage,NA,1,0,0,1
A - IPC Crime,Juvenile Justice Act,NA,7,7,10,7
A - IPC Crime,Child Labour (Pro.& Reg.) Act,NA,10,14,8,10
A - IPC Crime,Probation of Offenders Act,NA,1,0,0,1
A - IPC Crime,Murder,NA,7,13,4,7
A - IPC Crime,Rape,NA,24,20,13,24
A - IPC Crime,Kidnapping,NA,2,0,3,2
A - IPC Crime,Offences under the Protection of Civil Rights Act.,NA,0,0,0,0
A - IPC Crime,Offences under the SC & ST  (prevention of Atrocities)Act 1989 (if the victim is SC),NA,176,118,180,176
